Taxon,Threat status,EDGE,ED,EDGE_rank,ED_rank
Wollemia nobilis,CR,4.91,139.59,1,3
Ginkgo biloba,EN,4.89,315,2,1
Araucaria angustifolia,CR,4.18,67.71,3,16
Agathis australis,NE,4.14,64.76,4,18
Acmopyle sahniana,CR,4.02,57.56,5,26
Pherosphaera fitzgeraldii,CR,3.91,51.44,6,35
Glyptostrobus pensilis,CR,3.53,35.17,7,53
Microcycas calocoma,CR,3.4,30.82,8,66
Araucaria araucana,EN,3.35,67.71,9,17
Cephalotaxus alpina,NE,3.26,26.95,10,80
Cunninghamia konishii,EN,3.09,52.12,11,32
Metasequoia glyptostroboides,EN,3.07,51.26,12,37
Torreya taxifolia,CR,3.04,21.63,13,126
Agathis montana,CR,3.02,21.09,14,131
Sequoia sempervirens,EN,3,47.81,15,42
Sequoiadendron giganteum,EN,3,47.81,16,43
Taxus floridana,CR,2.97,20.2,17,143
Prumnopitys standleyi,EN,2.97,46.23,18,45
Araucaria nemorosa,CR,2.88,18.29,19,159
Taxus florinii,NE,2.87,18.15,20,161
Taxus calcicola,NE,2.84,17.72,21,165
Retrophyllum piresii,DD,2.7,15.32,22,191
Cedrus atlantica,EN,2.61,32.46,23,63
Picea austropanlanica,NE,2.58,13.66,24,202
Picea koyamae,CR,2.53,12.89,25,211
Cephalotaxus hainanensis,EN,2.52,29.72,26,70
Gnetum ridleyi,DD,2.52,12.8,27,215
Cycas hongheensis,CR,2.48,12.3,28,223
Gnetum latispicum,NE,2.45,11.97,29,231
Pseudotsuga japonica,EN,2.43,26.98,30,78
Gnetum giganteum,DD,2.39,11.22,31,250
Gnetum arboreum,DD,2.38,11.14,32,252
Gnetum interruptum,NE,2.37,11.01,33,255
Torreya jackii,EN,2.36,25.19,34,90
Gnetum loerzingii,DD,2.35,10.83,35,260
Araucaria muelleri,EN,2.34,24.67,36,92
Podocarpus decumbens,CR,2.33,10.6,37,264
Dioon stevensonii,NE,2.33,10.55,38,265
Gnetum gracilipes,DD,2.32,10.54,39,267
Widdringtonia whytei,CR,2.28,10.11,40,286
Gnetum catasphaericum,DD,2.28,10.09,41,287
Agathis kinabaluensis,EN,2.27,22.96,42,103
Falcatifolium angustum,EN,2.24,22.33,43,113
Agathis orbicula,EN,2.23,22.14,44,115
Agathis borneensis,EN,2.22,22.02,45,116
Dacrydium guillauminii,CR,2.21,9.44,46,324
Amentotaxus assamica,EN,2.21,21.72,47,120
Amentotaxus hatuyenensis,EN,2.21,21.69,48,121
Araucaria humboldtensis,EN,2.21,21.68,49,123
Pinus squamata,CR,2.19,9.17,50,333
Agathis ovata,EN,2.18,21.09,51,132
Araucaria scopulorum,EN,2.18,20.99,52,134
Agathis macrophylla,EN,2.17,20.95,53,135
Dioon spinulosum,EN,2.17,20.94,54,137
Taxus wallichiana,EN,2.16,20.58,55,138
Araucaria rulei,EN,2.15,20.42,56,140
Taxus chinensis,EN,2.14,20.26,57,142
Taxus globosa,EN,2.14,20.2,58,144
Podocarpus tixieri,NE,2.13,8.68,59,361
Podocarpus thevetiifolius,NE,2.12,8.6,60,365
Podocarpus urbanii,CR,2.12,8.55,61,370
Podocarpus idenburgensis,NE,2.1,8.41,62,378
Zamia hymenophyllidia,CR,2.1,8.41,63,379
Taxus contorta,EN,2.09,19.24,64,148
Cycas chamaoensis,CR,2.08,8.25,65,384
Widdringtonia wallichii,CR,2.07,8.21,66,387
Araucaria luxurians,EN,2.07,18.93,67,152
Podocarpus perrieri,CR,2.07,8.16,68,391
Podocarpus victorinianus,NE,2.07,8.16,69,392
Podocarpus neglectus,NE,2.07,8.13,70,394
Libocedrus chevalieri,CR,2.06,8.07,71,397
Dioon rzedowskii,EN,2.05,18.55,72,154
Zamia spartea,CR,2.05,8.01,73,401
Pinus parva,NE,2.02,7.75,74,421
Pinus ravii,NE,2.01,7.67,75,426
Cycas debaoensis,CR,2,7.6,76,430
Abies nebrodensis,CR,1.98,7.49,77,450
Podocarpus palawanensis,CR,1.98,7.45,78,453
Cycas tansachana,CR,1.98,7.44,79,456
Pinus anemophila,NE,1.97,7.41,80,458
Podocarpus costaricensis,CR,1.96,7.33,81,465
Chamaecyparis formosensis,EN,1.94,16.52,82,175
Podocarpus henkelii,EN,1.94,16.49,83,177
Fitzroya cupressoides,EN,1.92,16.26,84,179
Encephalartos latifrons,CR,1.91,6.95,85,504
Cycas sainathii,NE,1.91,6.95,86,505
Cycas lacrimans,NE,1.91,6.93,87,506
Cycas curranii,CR,1.9,6.87,88,512
Encephalartos cupidus,CR,1.9,6.86,89,515
Encephalartos middelburgensis,CR,1.9,6.86,90,516
Zamia pygmaea,CR,1.89,6.84,91,519
Cycas darshii,NE,1.89,6.83,92,520
Cycas wadei,CR,1.89,6.81,93,522
Cupressus gigantea,NE,1.88,6.78,94,527
Cycas terryana,NE,1.88,6.78,95,528
Cycas sundaica,NE,1.88,6.76,96,534
Cycas fugax,CR,1.88,6.74,97,537
Cupressus duclouxiana,DD,1.88,6.73,98,541
Larix mastersiana,EN,1.87,15.49,99,188
Cycas zambalensis,CR,1.87,6.71,100,543
Cycas nitida,NE,1.87,6.68,101,545
Cycas sancti-lasallei,NE,1.86,6.62,102,549
Cycas pachypoda,CR,1.86,6.62,103,550
Picea neoveitchii,CR,1.85,6.56,104,560
Cycas glauca,DD,1.85,6.54,105,565
Retrophyllum minus,EN,1.84,15,106,194
Cycas cantafolia,NE,1.83,6.46,107,569
Cycas aenigma,NE,1.83,6.42,108,571
Encephalartos aemulans,CR,1.82,6.37,109,574
Cycas montana,NE,1.82,6.37,110,576
Ephedra khurikensis,DD,1.82,6.37,111,577
Encephalartos cerinus,CR,1.82,6.35,112,578
Cycas szechuanensis,CR,1.81,6.27,113,595
Ephedra pentandra,NE,1.81,6.27,114,598
Zamia urep,CR,1.78,6.12,115,618
Cycas annaikalensis,CR,1.77,6.06,116,624
Cycas indica,NE,1.77,6.06,117,625
Juniperus macrocarpa,NE,1.77,6.03,118,626
Cycas hoabinhensis,EN,1.77,13.92,119,199
Pinus nelsonii,EN,1.76,13.89,120,200
Ephedra vvedenskyi,NE,1.76,6,121,630
Zamia nesophila,NE,1.76,5.99,122,631
Zamia wallisii,CR,1.76,5.97,123,636
Ephedra tilhoana,DD,1.75,5.96,124,637
Cupressus pendula,DD,1.75,5.96,125,638
Cupressus tonkinensis,NE,1.75,5.96,126,639
Zamia inermis,CR,1.75,5.93,127,644
Ceratozamia kuesteriana,CR,1.75,5.92,128,645
Zamia nana,NE,1.75,5.92,129,646
Ceratozamia zaragozae,CR,1.74,5.88,130,649
Podocarpus ramosii,DD,1.74,5.86,131,652
Zamia oligodonta,DD,1.73,5.82,132,663
Podocarpus beecherae,NE,1.73,5.8,133,664
Zamia disodon,CR,1.72,5.75,134,667
Juniperus deltoides,NE,1.71,5.69,135,674
Zamia stevensonii,NE,1.71,5.69,136,675
Cycas vespertilio,NE,1.7,5.65,137,679
Zamia restrepoi,CR,1.7,5.65,138,681
Parasitaxus ustus,VU,1.7,109.34,139,6
Cycas sphaerica,DD,1.7,5.62,140,684
Zamia onan-reyesii,NE,1.7,5.62,141,687
Zamia gentryi,CR,1.69,5.6,142,691
Zamia tolimensis,NE,1.69,5.57,143,696
Podocarpus annamiensis,NE,1.69,5.57,144,697
Zamia montana,CR,1.69,5.57,145,698
Zamia gomeziana,NE,1.69,5.57,146,699
Zamia amplifolia,CR,1.68,5.56,147,702
Zamia imperialis,NE,1.68,5.55,148,704
Zamia macrochiera,CR,1.68,5.53,149,710
Podocarpus subtropicalis,DD,1.68,5.53,150,712
Zamia pyrophylla,NE,1.68,5.51,151,714
Zamia grijalvensis,NE,1.67,5.48,152,721
Zamia meermanii,NE,1.67,5.47,153,722
Gnetum oxycarpum,EN,1.67,12.64,154,216
Zamia lindenii,NE,1.66,5.45,155,733
Juniperus polycarpos,NE,1.66,5.43,156,737
Zamia decumbens,NE,1.65,5.39,157,743
Abies beshanzuensis,CR,1.65,5.36,158,744
Abies jaliscana,NE,1.65,5.34,159,746
Ceratozamia fuscoviridis,CR,1.64,5.34,160,747
Encephalartos heenanii,CR,1.64,5.31,161,751
Zamia lindleyi,NE,1.64,5.3,162,753
Dioon caputoi,EN,1.63,12.14,163,226
Ceratozamia decumbens,NE,1.63,5.25,164,755
Encephalartos brevifoliolatus,EW,1.62,5.22,165,759
Zamia incognita,NE,1.62,5.21,166,760
Thuja sutchuenensis,EN,1.62,12.03,167,229
Ephedra oxyphylla,NE,1.62,5.21,168,762
Ephedra holoptera,NE,1.62,5.2,169,764
Ceratozamia robusta,EN,1.61,11.94,170,232
Zamia hamannii,NE,1.61,5.16,171,765
Juniperus zanonii,NE,1.61,5.16,172,766
Picea aurantiaca,EN,1.61,11.9,173,234
Podocarpus aristulatus,NE,1.6,5.12,174,768
Zamia vazquezii,CR,1.6,5.1,175,769
Ceratozamia brevifrons,NE,1.6,5.09,176,770
Ceratozamia santillanii,NE,1.6,5.08,177,774
Podocarpus spathoides,DD,1.59,5.08,178,775
Ceratozamia hondurensis,NE,1.59,5.07,179,776
Dioon califanoi,EN,1.59,11.7,180,237
Zamia monticola,CR,1.59,5.07,181,777
Ephedra aurantiaca,NE,1.59,5.06,182,779
Podocarpus capuronii,EN,1.59,11.62,183,239
Juniperus poblana,NE,1.58,5.01,184,785
Ephedra pseudodistachya,NE,1.58,4.98,185,793
Ephedra sumlingensis,NE,1.57,4.97,186,794
Ephedra glauca,NE,1.56,4.93,187,801
Abies flinckii,NE,1.56,4.9,188,805
Ephedra trifurcata,DD,1.56,4.89,189,807
Abies numidica,CR,1.55,4.86,190,810
Podocarpus hispaniolensis,EN,1.55,11.22,191,248
Dioon holmgrenii,EN,1.55,11.22,192,249
Picea retroflexa,EN,1.54,11.12,193,253
Juniperus morrisonicola,NE,1.54,4.82,194,819
Ephedra tweedieana,NE,1.54,4.8,195,823
Ephedra gerardiana,NE,1.53,4.75,196,832
Juniperus navicularis,NE,1.53,4.74,197,834
Encephalartos inopinus,CR,1.52,4.73,198,838
Encephalartos pterogonus,CR,1.52,4.72,199,841
Ephedra brevifoliata,DD,1.52,4.7,200,843
Encephalartos flavistrobilus,NE,1.51,4.69,201,849
Ephedra botschantzevii,NE,1.51,4.67,202,852
Cycas multipinnata,EN,1.51,10.73,203,261
Juniperus seravschanica,NE,1.5,4.64,204,858
Podocarpus chingianus,DD,1.5,4.63,205,860
Dioon sonorense,EN,1.5,10.66,206,263
Juniperus tsukusiensis,NE,1.49,4.58,207,862
Juniperus mucronata,NE,1.49,4.57,208,866
Encephalartos munchii,CR,1.49,4.57,209,867
Juniperus grandis,NE,1.49,4.57,210,870
Encephalartos whitelockii,CR,1.47,4.5,211,881
Taiwania cryptomerioides,VU,1.47,87.2,212,9
Encephalartos woodii,EW,1.47,4.49,213,884
Cycas changjiangensis,EN,1.47,10.34,214,276
Ceratozamia huastecorum,CR,1.46,4.44,215,897
Ceratozamia zoquorum,CR,1.46,4.44,216,898
Cupressus vietnamensis,EN,1.46,10.21,217,281
Dacrydium comosum,EN,1.45,10.19,218,282
Dacrydium pectinatum,EN,1.44,10.01,219,291
Encephalartos hirsutus,CR,1.43,4.32,220,914
Juniperus mairei,NE,1.41,4.23,221,930
Cycas taitungensis,EN,1.4,9.67,222,314
Dacrydium nausoriense,EN,1.39,9.53,223,319
Podocarpus forrestii,NE,1.39,4.12,224,942
Encephalartos sclavoi,CR,1.38,4.11,225,944
Nageia maxima,EN,1.37,9.38,226,327
Ceratozamia euryphyllidia,CR,1.37,4.06,227,949
Ephedra equisetina,NE,1.36,4,228,958
Juniperus coxii,NE,1.34,3.95,229,967
Ceratozamia chimalapensis,NE,1.34,3.94,230,971
Ephedra procera,NE,1.33,3.89,231,980
Ceratozamia miqueliana,CR,1.33,3.88,232,982
Cycas lindstromii,EN,1.33,8.97,233,349
Calocedrus formosana,EN,1.32,8.94,234,350
Encephalartos dolomiticus,CR,1.31,3.83,235,993
Encephalartos nubimontanus,EW,1.31,3.83,236,994
Calocedrus rupestris,EN,1.31,8.82,237,355
Encephalartos equatorialis,CR,1.3,3.8,238,996
Cathaya argyrophylla,VU,1.29,72.43,239,12
Callitris sulcata,EN,1.28,8.59,240,368
Neocallitropsis pancheri,EN,1.28,8.59,241,369
Juniperus saxicola,CR,1.28,3.71,242,1003
Pinus torreyana,CR,1.28,3.69,243,1006
Abies yuanbaoshanensis,CR,1.26,3.65,244,1014
Cycas elongata,EN,1.24,8.26,245,383
Podocarpus macrocarpus,EN,1.24,8.23,246,386
Libocedrus yateensis,EN,1.24,8.2,247,389
Podocarpus longifoliolatus,EN,1.23,8.19,248,390
Pseudolarix amabilis,VU,1.23,68.65,249,13
Pseudotaxus chienii,VU,1.23,68.23,250,15
Zamia prasina,CR,1.22,3.51,251,1033
Zamia purpurea,CR,1.22,3.51,252,1034
Podocarpus buchii,EN,1.2,7.88,253,409
Podocarpus decipiens,NE,1.19,3.4,254,1037
Podocarpus degeneri,NE,1.19,3.39,255,1040
Podocarpus pendulifolius,EN,1.19,7.83,256,412
Afrocarpus usambarensis,EN,1.19,7.82,257,415
Podocarpus globulus,EN,1.18,7.72,258,422
Podocarpus confertus,EN,1.17,7.67,259,427
Macrozamia elegans,EN,1.16,7.6,260,429
Podocarpus humbertii,EN,1.16,7.6,261,432
Encephalartos relictus,EW,1.16,3.29,262,1049
Podocarpus purdieanus,EN,1.15,7.54,263,446
Pinus culminicola,EN,1.14,7.47,264,452
Encephalartos dyerianus,CR,1.13,3.2,265,1065
Encephalartos msinganus,CR,1.13,3.19,266,1067
Podocarpus sellowii,EN,1.13,7.34,267,464
Encephalartos laevifolius,CR,1.12,3.17,268,1070
Macrozamia spiralis,EN,1.11,7.25,269,476
Juniperus cedrus,EN,1.11,7.24,270,477
Zamia elegantissima,EN,1.1,7.14,271,487
Zamia dressleri,EN,1.08,7.03,272,494
Prumnopitys ladei,VU,1.08,58.72,273,23
Cycas elephantipes,EN,1.08,6.99,274,497
Juniperus bermudiana,CR,1.07,3.02,275,1082
Pinus georginae,NE,1.07,3.02,276,1084
Macrozamia flexuosa,EN,1.06,6.89,277,507
Podocarpus sprucei,EN,1.06,6.88,278,509
Zamia ipetiensis,EN,1.06,6.88,279,510
Podocarpus transiens,EN,1.04,6.76,280,531
Cycas javana,EN,1.04,6.74,281,535
Pinus maximartinezii,EN,1.02,6.57,282,554
Cycas hainanensis,EN,1.01,6.52,283,567
Cycas candida,EN,1,6.48,284,568
Zamia variegata,EN,0.99,6.42,285,572
Ceratozamia mixeorum,EN,0.99,6.4,286,573
Podocarpus polyspermus,EN,0.98,6.35,287,580
Cycas taiwaniana,EN,0.97,6.27,288,596
Picea omorika,EN,0.97,6.27,289,597
Macrozamia plurinervia,EN,0.96,6.22,290,606
Cycas circinalis,EN,0.96,6.21,291,608
Stangeria eriopus,VU,0.96,52.06,292,34
Cupressus dupreziana,EN,0.95,6.18,293,609
Cycas riuminiana,EN,0.95,6.14,294,617
Picea chihuahuana,EN,0.94,6.08,295,620
Zamia portoricensis,EN,0.92,5.95,296,641
Encephalartos arenarius,EN,0.92,5.95,297,642
Araucaria heterophylla,VU,0.91,49.5,298,40
Encephalartos horridus,EN,0.91,5.89,299,647
Cycas micronesica,EN,0.9,5.84,300,658
Prumnopitys andina,VU,0.9,49.02,301,41
Encephalartos delucanus,EN,0.88,5.75,302,666
Picea martinezii,EN,0.87,5.71,303,673
Zamia fischeri,EN,0.87,5.66,304,676
Cycas beddomei,EN,0.86,5.62,305,685
Picea maximowiczii,EN,0.86,5.6,306,689
Podocarpus rostratus,EN,0.86,5.6,307,692
Abies fanjingshanensis,EN,0.84,5.54,308,705
Zamia skinneri,EN,0.84,5.5,309,717
Ceratozamia norstogii,EN,0.83,5.47,310,725
Macrozamia pauli-guilielmi,EN,0.83,5.45,311,731
Zamia melanorrhachis,EN,0.82,5.43,312,736
Podocarpus nakaii,EN,0.82,5.39,313,742
Zamia lucayana,EN,0.8,5.32,314,749
Ceratozamia morettii,EN,0.79,5.25,315,756
Juniperus jaliscana,EN,0.78,5.21,316,763
Macrozamia lomandroides,EN,0.75,5.03,317,782
Ceratozamia mirandae,EN,0.74,4.97,318,795
Athrotaxis cupressoides,VU,0.73,41.57,319,47
Athrotaxis selaginoides,VU,0.73,41.57,320,48
Abies pinsapo,EN,0.73,4.94,321,797
Ceratozamia alvarezii,EN,0.72,4.91,322,803
Ceratozamia matudae,EN,0.72,4.91,323,804
Ceratozamia sabatoi,EN,0.72,4.89,324,806
Pinus palustris,EN,0.71,4.82,325,817
Ceratozamia latifolia,EN,0.7,4.78,326,827
Encephalartos lebomboensis,EN,0.68,4.72,327,839
Pinus wangii,EN,0.68,4.7,328,844
Cupressus goveniana,EN,0.68,4.69,329,846
Cupressus guadalupensis,EN,0.65,4.58,330,863
Encephalartos concinnus,EN,0.65,4.57,331,868
Cycas platyphylla,EN,0.65,4.57,332,869
Ceratozamia hildae,EN,0.63,4.49,333,883
Abies guatemalensis,EN,0.63,4.46,334,890
Abies hickelii,EN,0.63,4.46,335,891
Abies ziyuanensis,EN,0.63,4.46,336,892
Encephalartos macrostrobilus,EN,0.63,4.45,337,894
Abies fraseri,EN,0.62,4.44,338,899
Podocarpus costalis,EN,0.59,4.29,339,920
Pinus albicaulis,EN,0.59,4.28,340,922
Abies koreana,EN,0.58,4.26,341,927
Podocarpus laubenfelsii,EN,0.55,4.12,342,943
Encephalartos kisambo,EN,0.55,4.11,343,945
Pinus amamiana,EN,0.54,4.07,344,947
Ceratozamia whitelockiana,EN,0.53,4.06,345,950
Pinus radiata,EN,0.51,3.98,346,962
Prumnopitys montana,VU,0.51,33.22,347,58
Encephalartos eugene-maraisii,EN,0.51,3.95,348,970
Ceratozamia becerrae,EN,0.49,3.88,349,983
Cedrus libani,VU,0.48,32.46,350,64
Zamia cremnophila,EN,0.48,3.85,351,990
Encephalartos umbeluziensis,EN,0.48,3.84,352,991
Zamia verschaffeltii,EN,0.46,3.76,353,999
Encephalartos chimanimaniensis,EN,0.44,3.71,354,1004
Cephalotaxus oliveri,VU,0.42,30.42,355,68
Zamia furfuracea,EN,0.41,3.58,356,1021
Zamia lacandona,EN,0.41,3.57,357,1023
Macrozamia viridis,EN,0.39,3.51,358,1030
Pseudotsuga sinensis,VU,0.36,28.55,359,71
Cephalotaxus griffithii,VU,0.35,28.32,360,74
Juniperus standleyi,EN,0.33,3.31,361,1047
Macrozamia cranei,EN,0.32,3.28,362,1050
Juniperus gamboana,EN,0.32,3.27,363,1051
Keteleeria evelyniana,VU,0.27,26.07,364,83
Pinus occidentalis,EN,0.26,3.1,365,1077
Amentotaxus formosana,VU,0.25,25.75,366,88
Juniperus gracilior,EN,0.24,3.02,367,1083
Araucaria biramulata,VU,0.21,24.67,368,93
Juniperus saltillensis,EN,0.2,2.92,369,1086
Amentotaxus poilanei,VU,0.19,24.15,370,95
Agathis lenticula,VU,0.17,23.71,371,96
Fokienia hodginsii,VU,0.17,23.7,372,97
Torreya fargesii,VU,0.15,23.31,373,98
Agathis flavescens,VU,0.15,23.26,374,99
Amentotaxus yunnanensis,VU,0.13,22.75,375,104
Araucaria bernieri,VU,0.13,22.7,376,108
Araucaria schmidii,VU,0.13,22.68,377,109
Juniperus comitana,EN,0.12,2.68,378,1089
Torreya californica,VU,0.12,22.47,379,112
Agathis lanceolata,VU,0.08,21.68,380,122
Agathis dammara,VU,0.08,21.63,381,124
Agathis moorei,VU,0.06,21.28,382,128
Araucaria montana,VU,0.06,21.28,383,129
Taxus mairei,VU,0.03,20.58,384,139
Sciadopitys verticillata,NT,-0.11,223.58,385,2
Podocarpus salignus,VU,-0.19,16.55,386,174
Picea asperata,VU,-0.25,15.63,387,183
Retrophyllum rospigliosii,VU,-0.27,15.32,388,192
Picea breweriana,VU,-0.27,15.23,389,193
Cycas pectinata,VU,-0.4,13.44,390,207
Dioon argenteum,VU,-0.47,12.5,391,221
Thuja koraiensis,VU,-0.49,12.3,392,224
Podocarpus matudae,VU,-0.52,11.9,393,233
Dioon angustifolium,VU,-0.56,11.41,394,243
Cycas panzhihuaensis,VU,-0.57,11.28,395,246
Gnetum globosum,VU,-0.6,10.98,396,256
Pinus krempfii,VU,-0.6,10.93,397,257
Gnetum acutum,VU,-0.61,10.84,398,259
Gnetum contractum,VU,-0.62,10.71,399,262
Dioon tomasellii,VU,-0.64,10.55,400,266
Cycas segmentifida,VU,-0.64,10.51,401,268
Dioon merolae,VU,-0.65,10.4,402,269
Dioon purpusii,VU,-0.65,10.4,403,270
Encephalartos altensteinii,VU,-0.66,10.38,404,271
Tsuga forrestii,VU,-0.66,10.32,405,277
Cycas macrocarpa,VU,-0.69,10.05,406,288
Pilgerodendron uviferum,VU,-0.69,10.01,407,289
Pinus rzedowskii,VU,-0.7,9.91,408,300
Cycas megacarpa,VU,-0.72,9.69,409,312
Pinus tropicalis,VU,-0.76,9.35,410,328
Afrocarpus mannii,VU,-0.77,9.28,411,330
Saxegothaea conspicua,NT,-0.77,115.47,412,5
Nageia motleyi,VU,-0.78,9.13,413,335
Dacrydium leptophyllum,VU,-0.8,9.03,414,344
Dacrydium medium,VU,-0.8,9.03,415,345
Cycas pranburiensis,VU,-0.84,8.59,416,366
Cycas zeylanica,VU,-0.87,8.34,417,380
Pinus tecunumanii,VU,-0.91,8.08,418,395
Zamia standleyi,VU,-0.91,8.02,419,400
Podocarpus ridleyi,VU,-0.92,7.94,420,403
Cycas collina,VU,-0.93,7.91,421,406
Cycas diannanensis,VU,-0.94,7.83,422,410
Cycas guizhouensis,VU,-0.94,7.83,423,411
Zamia cunaria,VU,-0.95,7.71,424,423
Callitris oblonga,VU,-0.97,7.61,425,428
Cycas aculeata,VU,-0.97,7.58,426,433
Cycas bifida,VU,-0.98,7.54,427,443
Podocarpus polystachyus,VU,-0.98,7.54,428,444
Austrotaxus spicata,NT,-0.98,93.58,429,8
Cycas nongnoochiae,VU,-1,7.37,430,459
Cycas condaoensis,VU,-1,7.36,431,462
Cupressus chengiana,VU,-1.01,7.31,432,467
Callitris monticola,VU,-1.01,7.3,433,468
Cycas falcata,VU,-1.01,7.28,434,470
Cycas siamensis,VU,-1.01,7.28,435,471
Encephalartos princeps,VU,-1.01,7.28,436,473
Cycas inermis,VU,-1.01,7.28,437,474
Zamia soconuscensis,VU,-1.01,7.27,438,475
Zamia acuminata,VU,-1.03,7.15,439,485
Cycas shanyaensis,VU,-1.05,6.99,440,496
Cycas micholitzii,VU,-1.07,6.87,441,513
Picea brachytyla,VU,-1.07,6.87,442,514
Podocarpus archboldii,VU,-1.07,6.85,443,518
Zamia neurophyllidia,VU,-1.08,6.82,444,521
Cycas cupida,VU,-1.08,6.77,445,530
Cycas tuckeri,VU,-1.09,6.73,446,538
Cycas nathorstii,VU,-1.09,6.73,447,539
Encephalartos paucidentatus,VU,-1.09,6.71,448,542
Cycas desolata,VU,-1.1,6.68,449,547
Picea farreri,VU,-1.1,6.63,450,548
Encephalartos gratus,VU,-1.11,6.57,451,556
Zamia erosa,VU,-1.11,6.56,452,559
Cycas saxatilis,VU,-1.12,6.55,453,561
Cycas seemannii,VU,-1.15,6.35,454,579
Picea likiangensis,VU,-1.15,6.31,455,591
Cycas armstrongii,VU,-1.16,6.25,456,603
Cupressus bakeri,VU,-1.18,6.17,457,613
Pinus merkusii,VU,-1.18,6.16,458,614
Picea morrisonicola,VU,-1.18,6.16,459,616
Zamia encephalartoides,VU,-1.21,5.95,460,640
Encephalartos trispinosus,VU,-1.22,5.89,461,648
Ceratozamia microstrobila,VU,-1.22,5.88,462,650
Abies squamata,VU,-1.25,5.74,463,669
Zamia stricta,VU,-1.25,5.72,464,672
Zamia oreillyi,VU,-1.29,5.52,465,713
Podocarpus fasciculus,VU,-1.29,5.5,466,716
Abies hidalgensis,VU,-1.33,5.31,467,750
Encephalartos senticosus,VU,-1.33,5.31,468,752
Zamia angustifolia,VU,-1.34,5.24,469,758
Podocarpus rusbyi,VU,-1.36,5.15,470,767
Pinus muricata,VU,-1.38,5.01,471,784
Podocarpus angustifolius,VU,-1.39,5,472,787
Macrozamia parcifolia,VU,-1.39,4.99,473,789
Podocarpus gibbsiae,VU,-1.39,4.99,474,791
Pinus greggii,VU,-1.4,4.94,475,799
Araucaria hunsteinii,NT,-1.4,61.53,476,21
Macrozamia secunda,VU,-1.41,4.87,477,809
Ceratozamia vovidesii,VU,-1.42,4.85,478,813
Picea polita,VU,-1.42,4.81,479,820
Abies recurvata,VU,-1.43,4.8,480,822
Ceratozamia mexicana,VU,-1.43,4.78,481,828
Cupressus macrocarpa,VU,-1.43,4.78,482,829
Cupressus sargentii,VU,-1.43,4.78,483,830
Juniperus brevifolia,VU,-1.45,4.71,484,842
Halocarpus kirkii,NT,-1.45,58.68,485,24
Macrozamia platyrhachis,VU,-1.45,4.67,486,850
Cycas silvestris,VU,-1.46,4.65,487,854
Cycas ophiolitica,VU,-1.46,4.64,488,859
Acmopyle pancheri,NT,-1.47,57.56,489,27
Zamia herrerae,VU,-1.49,4.5,490,880
Cycas cairnsiana,VU,-1.5,4.46,491,888
Cycas semota,VU,-1.5,4.46,492,889
Macrozamia crassifolia,VU,-1.53,4.35,493,909
Encephalartos barteri,VU,-1.53,4.32,494,915
Juniperus tibetica,VU,-1.55,4.24,495,929
Pherosphaera hookeriana,NT,-1.58,51.44,496,36
Macrozamia humilis,VU,-1.6,4.06,497,951
Encephalartos aplanatus,VU,-1.63,3.9,498,978
Encephalartos ngoyanus,VU,-1.65,3.84,499,992
Abies fabri,VU,-1.66,3.81,500,995
Prumnopitys harmsiana,NT,-1.66,47.56,501,44
Juniperus barbadensis,VU,-1.67,3.77,502,998
Podocarpus lophatus,VU,-1.7,3.66,503,1012
Encephalartos manikensis,VU,-1.71,3.61,504,1016
Podocarpus pallidus,VU,-1.71,3.6,505,1018
Macrozamia conferta,VU,-1.74,3.51,506,1031
Macrozamia machinii,VU,-1.74,3.51,507,1032
Cryptomeria japonica,NT,-1.77,42.59,508,46
Encephalartos ghellinckii,VU,-1.78,3.39,509,1042
Macrozamia cardiacensis,VU,-1.79,3.33,510,1044
Macrozamia occidua,VU,-1.8,3.3,511,1048
Encephalartos marunguensis,VU,-1.83,3.2,512,1066
Encephalartos humilis,VU,-1.84,3.17,513,1071
Encephalartos schaijesii,VU,-1.85,3.15,514,1072
Encephalartos schmitzii,VU,-1.85,3.15,515,1073
Juniperus angosturana,VU,-2,2.7,516,1088
Prumnopitys exigua,NT,-2.02,33.22,517,59
Nothotsuga longibracteata,NT,-2.07,31.66,518,65
Austrocedrus chilensis,NT,-2.1,30.67,519,67
Pseudotsuga macrocarpa,NT,-2.23,26.98,520,79
Cephalotaxus nana,NT,-2.23,26.78,521,81
Keteleeria fortunei,NT,-2.26,26.07,522,84
Falcatifolium falciforme,NT,-2.27,25.79,523,87
Taxus brevifolia,NT,-2.29,25.26,524,89
Falcatifolium sleumeri,NT,-2.38,23.25,525,100
Amentotaxus argotaenia,NT,-2.4,22.75,526,105
Araucaria subulata,NT,-2.4,22.68,527,110
Falcatifolium gruezoi,NT,-2.42,22.17,528,114
Agathis labillardierei,NT,-2.43,22.02,529,117
Agathis atropurpurea,NT,-2.44,21.88,530,118
Agathis microstachya,NT,-2.44,21.88,531,119
Platycladus orientalis,NT,-2.47,21.16,532,130
Dacrycarpus steupii,NT,-2.47,21.08,533,133
Agathis silbae,NT,-2.48,20.95,534,136
Araucaria laubenfelsii,NT,-2.51,20.42,535,141
Tsuga canadensis,NT,-2.54,19.64,536,147
Dioon edule,NT,-2.64,17.88,537,163
Tsuga caroliniana,NT,-2.65,17.67,538,166
Gnetum buchholzianum,NT,-2.68,17.06,539,168
Tsuga sieboldii,NT,-2.71,16.65,540,171
Chamaecyparis lawsoniana,NT,-2.75,16.06,541,181
Chamaecyparis obtusa,NT,-2.75,16.06,542,182
Gnetum africanum,NT,-2.88,13.98,543,198
Cycas petrae,NT,-2.92,13.51,544,204
Picea linzhiensis,NT,-2.94,13.21,545,209
Libocedrus plumosa,NT,-2.97,12.84,546,214
Callitris neocaledonica,NT,-2.99,12.59,547,218
Thuja standishii,NT,-3.03,12.03,548,230
Abies bracteata,NT,-3.06,11.68,549,238
Podocarpus madagascariensis,NT,-3.07,11.62,550,240
Podocarpus atjehensis,NT,-3.07,11.59,551,241
Podocarpus nubigenus,NT,-3.07,11.59,552,242
Podocarpus parlatorei,NT,-3.1,11.25,553,247
Gnetum oblongum,NT,-3.11,11.19,554,251
Pinus peuce,NT,-3.13,10.93,555,258
Cycas arenicola,NT,-3.18,10.37,556,272
Podocarpus gnidioides,NT,-3.19,10.25,557,280
Dacrydium gracile,NT,-3.2,10.18,558,283
Zamia obliqua,NT,-3.2,10.18,559,284
Dacrydium spathoides,NT,-3.2,10.15,560,285
Libocedrus bidwillii,NT,-3.22,10.01,561,290
Pinus gerardiana,NT,-3.23,9.87,562,302
Nageia fleuryi,NT,-3.24,9.78,563,305
Picea meyeri,NT,-3.24,9.74,564,310
Pinus balfouriana,NT,-3.26,9.58,565,316
Dacrydium lycopodioides,NT,-3.28,9.44,566,325
Actinostrobus acuminatus,NT,-3.28,9.39,567,326
Cycas chevalieri,NT,-3.29,9.27,568,331
Nageia nagi,NT,-3.31,9.13,569,336
Cycas conferta,NT,-3.31,9.09,570,341
Cycas dolichophylla,NT,-3.33,8.91,571,352
Calocedrus macrolepis,NT,-3.34,8.82,572,356
Zamia chigua,NT,-3.35,8.77,573,358
Zamia pseudoparasitica,NT,-3.36,8.72,574,359
Podocarpus rumphii,NT,-3.38,8.54,575,371
Gnetum diminutum,NT,-3.38,8.51,576,374
Dacrydium magnum,NT,-3.39,8.45,577,375
Cycas balansae,NT,-3.39,8.44,578,377
Cycas tanqingii,NT,-3.41,8.24,579,385
Widdringtonia schwarzii,NT,-3.42,8.21,580,388
Libocedrus austrocaledonicus,NT,-3.43,8.07,581,398
Callitris roei,NT,-3.45,7.92,582,404
Cycas simplicipinna,NT,-3.45,7.91,583,407
Pinus monticola,NT,-3.46,7.89,584,408
Afrocarpus dawei,NT,-3.46,7.82,585,416
Cycas tropophylla,NT,-3.47,7.76,586,419
Callitris baileyi,NT,-3.48,7.7,587,424
Callitris drummondii,NT,-3.48,7.7,588,425
Cycas brachycantha,NT,-3.49,7.6,589,431
Cycas sexseminifera,NT,-3.5,7.58,590,434
Podocarpus micropedunculatus,NT,-3.5,7.58,591,435
Podocarpus acuminatus,NT,-3.5,7.57,592,436
Cycas rumphii,NT,-3.5,7.57,593,439
Podocarpus orarius,NT,-3.51,7.45,594,455
Gnetum neglectum,NT,-3.51,7.44,595,457
Encephalartos caffer,NT,-3.52,7.37,596,460
Encephalartos longifolius,NT,-3.52,7.37,597,461
Podocarpus brevifolius,NT,-3.53,7.29,598,469
Podocarpus glomeratus,NT,-3.55,7.17,599,482
Cycas scratchleyana,NT,-3.58,6.97,600,499
Cycas badensis,NT,-3.58,6.97,601,500
Zamia poeppigiana,NT,-3.58,6.95,602,503
Cycas papuana,NT,-3.6,6.86,603,517
Cycas ferruginea,NT,-3.6,6.81,604,523
Podocarpus lambertii,NT,-3.61,6.76,605,532
Cycas edentata,NT,-3.62,6.68,606,546
Gnetum luofuense,NT,-3.63,6.61,607,552
Cycas campestris,NT,-3.64,6.54,608,566
Cycas brunnea,NT,-3.67,6.37,609,575
Zamia muricata,NT,-3.67,6.34,610,582
Zamia lecointei,NT,-3.68,6.33,611,583
Zamia integrifolia,NT,-3.68,6.33,612,584
Juniperus taxifolia,NT,-3.68,6.29,613,594
Podocarpus salomoniensis,NT,-3.69,6.22,614,607
Pinus latteri,NT,-3.7,6.16,615,615
Macrozamia serpentina,NT,-3.72,6.07,616,621
Macrozamia fawcettii,NT,-3.73,6.01,617,628
Macrozamia stenomera,NT,-3.73,6.01,618,629
Encephalartos lehmannii,NT,-3.74,5.95,619,643
Picea alcoquiana,NT,-3.75,5.86,620,654
Zamia pumila,NT,-3.75,5.85,621,655
Macrozamia longispina,NT,-3.76,5.82,622,659
Zamia sandovalii,NT,-3.77,5.74,623,668
Zamia manicata,NT,-3.79,5.65,624,678
Cycas bougainvilleana,NT,-3.79,5.65,625,680
Zamia ulei,NT,-3.8,5.62,626,686
Picea purpurea,NT,-3.8,5.6,627,690
Macrozamia moorei,NT,-3.8,5.57,628,700
Zamia roezlii,NT,-3.82,5.5,629,715
Zamia amazonum,NT,-3.82,5.48,630,719
Podocarpus trinitensis,NT,-3.82,5.47,631,723
Cycas apoa,NT,-3.82,5.46,632,727
Abies spectabilis,NT,-3.82,5.46,633,728
Cupressus cashmeriana,NT,-3.83,5.43,634,734
Abies homolepis,NT,-3.84,5.36,635,745
Zamia boliviana,NT,-3.86,5.25,636,754
Abies cilicica,NT,-3.89,5.09,637,771
Podocarpus teysmannii,NT,-3.91,4.99,638,792
Juniperus turbinata,NT,-3.92,4.95,639,796
Zamia tuerckheimii,NT,-3.94,4.88,640,808
Pinus jaliscana,NT,-3.95,4.82,641,818
Cycas couttsiana,NT,-3.97,4.74,642,835
Encephalartos mackenziei,NT,-3.97,4.73,643,837
Abies holophylla,NT,-3.98,4.69,644,848
Abies vejarii,NT,-3.98,4.65,645,853
Cycas schumanniana,NT,-3.99,4.65,646,855
Zamia paucijuga,NT,-4.01,4.55,647,872
Pinus henryi,NT,-4.01,4.55,648,874
Encephalartos ituriensis,NT,-4.02,4.5,649,882
Encephalartos natalensis,NT,-4.02,4.49,650,885
Cycas yorkiana,NT,-4.03,4.47,651,887
Zamia fairchildiana,NT,-4.03,4.44,652,900
Zamia pseudomonticola,NT,-4.03,4.44,653,901
Encephalartos hildebrandtii,NT,-4.03,4.44,654,902
Encephalartos septentrionalis,NT,-4.04,4.38,655,904
Podocarpus deflexus,NT,-4.07,4.29,656,921
Pinus durangensis,NT,-4.09,4.17,657,937
Pinus morrisonicola,NT,-4.1,4.14,658,938
Ephedra funerea,NT,-4.1,4.13,659,940
Pinus fenzeliana,NT,-4.1,4.13,660,941
Encephalartos lanatus,NT,-4.11,4.1,661,946
Pinus dalatensis,NT,-4.12,4.07,662,948
Juniperus blancoi,NT,-4.14,3.99,663,961
Encephalartos laurentianus,NT,-4.24,3.61,664,1017
Abies kawakamii,NT,-4.24,3.58,665,1019
Zamia loddigesii,NT,-4.25,3.58,666,1022
Encephalartos ferox,NT,-4.27,3.5,667,1035
Podocarpus affinis,NT,-4.3,3.39,668,1041
Encephalartos friderici-guilielmi,NT,-4.3,3.39,669,1043
Pinus lumholtzii,NT,-4.32,3.33,670,1045
Juniperus pingii,NT,-4.32,3.32,671,1046
Pinus coulteri,NT,-4.35,3.23,672,1059
Encephalartos bubalinus,NT,-4.36,3.19,673,1068
Pinus praetermissa,NT,-4.42,3.02,674,1085
Welwitschia mirabilis,LC,-5.15,116.31,675,4
Manoao colensoi,LC,-5.21,109.34,676,7
Lagarostrobos franklinii,LC,-5.53,78.99,677,10
Microcachrys tetragona,LC,-5.53,78.99,678,11
Sundacarpus amarus,LC,-5.68,68.34,679,14
Prumnopitys taxifolia,LC,-5.77,62.16,680,19
Halocarpus bidwillii,LC,-5.78,61.66,681,20
Araucaria bidwillii,LC,-5.78,61.53,682,22
Halocarpus biformis,LC,-5.83,58.68,683,25
Prumnopitys ferruginea,LC,-5.88,56.13,684,28
Prumnopitys ferruginoides,LC,-5.88,56.13,685,29
Araucaria cunninghamii,LC,-5.9,54.84,686,30
Lepidothamnus intermedius,LC,-5.95,52.34,687,31
Cunninghamia lanceolata,LC,-5.95,52.12,688,33
Lepidothamnus fonkii,LC,-5.98,50.61,689,38
Lepidothamnus laxifolius,LC,-5.98,50.61,690,39
Bowenia serrulata,LC,-6.19,40.94,691,49
Bowenia spectabilis,LC,-6.19,40.94,692,50
Dacrycarpus cumingii,LC,-6.32,35.92,693,51
Phyllocladus trichomanoides,LC,-6.34,35.24,694,52
Taxodium distichum,LC,-6.34,35.17,695,54
Cedrus deodara,LC,-6.37,34.12,696,55
Phyllocladus aspleniifolius,LC,-6.39,33.63,697,56
Picea sitchensis,LC,-6.39,33.61,698,57
Phyllocladus hypophyllus,LC,-6.4,33.11,699,60
Phyllocladus toatoa,LC,-6.4,33.11,700,61
Papuacedrus papuana,LC,-6.41,33.06,701,62
Keteleeria davidiana,LC,-6.5,30.14,702,69
Dacrycarpus vieillardii,LC,-6.55,28.51,703,72
Pseudotsuga menziesii,LC,-6.56,28.33,704,73
Cephalotaxus fortunei,LC,-6.56,28.32,705,75
Falcatifolium papuanum,LC,-6.59,27.38,706,76
Dacrycarpus dacrydioides,LC,-6.61,27.05,707,77
Cephalotaxus harringtonii,LC,-6.62,26.78,708,82
Lepidozamia hopei,LC,-6.64,26.04,709,85
Lepidozamia peroffskyana,LC,-6.64,26.04,710,86
Falcatifolium taxoides,LC,-6.69,24.98,711,91
Thujopsis dolabrata,LC,-6.7,24.65,712,94
Picea wilsonii,LC,-6.77,23.01,713,101
Chamaecyparis thyoides,LC,-6.77,22.98,714,102
Microbiota decussata,LC,-6.78,22.7,715,106
Tetraclinis articulata,LC,-6.78,22.7,716,107
Torreya nucifera,LC,-6.78,22.62,717,111
Agathis robusta,LC,-6.83,21.63,718,125
Torreya grandis,LC,-6.83,21.63,719,127
Tsuga heterophylla,LC,-6.92,19.76,720,145
Tsuga mertensiana,LC,-6.92,19.76,721,146
Taxus baccata,LC,-6.95,19.24,722,149
Taxus canadensis,LC,-6.95,19.08,723,150
Taxus cuspidata,LC,-6.95,19.08,724,151
Larix griffithii,LC,-6.97,18.8,725,153
Dioon mejiae,LC,-6.98,18.55,726,155
Larix lyallii,LC,-6.99,18.34,727,156
Larix sibirica,LC,-6.99,18.34,728,157
Retrophyllum vitiense,LC,-7,18.31,729,158
Araucaria columnaris,LC,-7,18.29,730,160
Larix potaninii,LC,-7.01,18.02,731,162
Dacrydium cupressinum,LC,-7.02,17.81,732,164
Larix gmelinii,LC,-7.04,17.54,733,167
Larix kaempferi,LC,-7.07,17,734,169
Larix laricina,LC,-7.07,17,735,170
Tsuga diversifolia,LC,-7.09,16.65,736,172
Podocarpus smithii,LC,-7.09,16.61,737,173
Chamaecyparis pisifera,LC,-7.1,16.52,738,176
Picea crassifolia,LC,-7.1,16.48,739,178
Diselma archeri,LC,-7.11,16.26,740,180
Picea abies,LC,-7.15,15.63,741,184
Dacrycarpus compactus,LC,-7.16,15.6,742,185
Dacrycarpus expansus,LC,-7.16,15.6,743,186
Dacrycarpus imbricatus,LC,-7.16,15.56,744,187
Larix decidua,LC,-7.17,15.36,745,189
Larix occidentalis,LC,-7.17,15.36,746,190
Retrophyllum comptonii,LC,-7.2,15,747,195
Pinus heldreichii,LC,-7.23,14.44,748,196
Cycas angulata,LC,-7.26,14,749,197
Cycas canalis,LC,-7.28,13.81,750,201
Gnetum raya,LC,-7.29,13.58,751,203
Dacrycarpus cinctus,LC,-7.3,13.5,752,205
Dacrycarpus kinabaluensis,LC,-7.3,13.5,753,206
Gnetum venosum,LC,-7.31,13.35,754,208
Gnetum gnemonoides,LC,-7.33,13.09,755,210
Picea obovata,LC,-7.35,12.89,756,212
Callitris macleayana,LC,-7.35,12.85,757,213
Dacrydium gibbsiae,LC,-7.37,12.63,758,217
Podocarpus acutifolius,LC,-7.37,12.59,759,219
Calocedrus decurrens,LC,-7.37,12.57,760,220
Gnetum pendulum,LC,-7.38,12.47,761,222
Thuja occidentalis,LC,-7.39,12.3,762,225
Nageia wallichiana,LC,-7.41,12.14,763,227
Thuja plicata,LC,-7.41,12.13,764,228
Podocarpus laetus,LC,-7.43,11.88,765,235
Podocarpus totara,LC,-7.43,11.88,766,236
Tsuga chinensis,LC,-7.47,11.4,767,244
Gnetum formosum,LC,-7.48,11.33,768,245
Gnetum bosavicum,LC,-7.5,11.04,769,254
Dacrydium ericoides,LC,-7.57,10.35,770,273
Picea engelmannii,LC,-7.57,10.34,771,274
Picea laxa,LC,-7.57,10.34,772,275
Tsuga dumosa,LC,-7.57,10.32,773,278
Dacrydium beccarii,LC,-7.57,10.31,774,279
Dacrydium elatum,LC,-7.6,10.01,775,292
Ephedra ochreata,LC,-7.6,10,776,293
Cycas orientis,LC,-7.6,10,777,294
Pinus hwangshanensis,LC,-7.6,10,778,295
Podocarpus nivalis,LC,-7.6,9.99,779,296
Podocarpus lawrencei,LC,-7.6,9.99,780,297
Ephedra frustillata,LC,-7.6,9.96,781,298
Podocarpus drouynianus,LC,-7.61,9.95,782,299
Pinus densiflora,LC,-7.61,9.9,783,301
Pinus aristata,LC,-7.62,9.85,784,303
Pinus sylvestris,LC,-7.62,9.85,785,304
Gnetum costatum,LC,-7.62,9.77,786,306
Gnetum gnemon,LC,-7.62,9.77,787,307
Pinus canariensis,LC,-7.62,9.76,788,308
Dacrydium araucarioides,LC,-7.63,9.75,789,309
Dacrydium nidulum,LC,-7.63,9.7,790,311
Cycas revoluta,LC,-7.63,9.67,791,313
Podocarpus dispermus,LC,-7.64,9.63,792,315
Pinus longaeva,LC,-7.64,9.58,793,317
Podocarpus elongatus,LC,-7.65,9.54,794,318
Dacrydium balansae,LC,-7.65,9.53,795,320
Dacrydium novoguineense,LC,-7.65,9.5,796,321
Afrocarpus gracilior,LC,-7.65,9.49,797,322
Cupressus nootkatensis,LC,-7.66,9.45,798,323
Pinus banksiana,LC,-7.67,9.31,799,329
Pinus pinea,LC,-7.69,9.19,800,332
Pinus bungeana,LC,-7.69,9.17,801,334
Pinus strobus,LC,-7.69,9.12,802,337
Picea pungens,LC,-7.69,9.11,803,338
Picea jezoensis,LC,-7.7,9.1,804,339
Picea koraiensis,LC,-7.7,9.1,805,340
Podocarpus latifolius,LC,-7.7,9.05,806,342
Podocarpus milanjianus,LC,-7.7,9.05,807,343
Podocarpus celatus,LC,-7.7,9.02,808,346
Podocarpus oleifolius,LC,-7.7,9.02,809,347
Dacrydium cornwallianum,LC,-7.7,9.01,810,348
Pinus pinaster,LC,-7.71,8.92,811,351
Podocarpus steyermarkii,LC,-7.72,8.9,812,353
Afrocarpus falcatus,LC,-7.72,8.85,813,354
Widdringtonia nodiflora,LC,-7.73,8.81,814,357
Callitris columellaris,LC,-7.74,8.71,815,360
Pinus massoniana,LC,-7.74,8.68,816,362
Gnetum leyboldii,LC,-7.75,8.64,817,363
Pinus taiwanensis,LC,-7.75,8.62,818,364
Gnetum camporum,LC,-7.75,8.59,819,367
Podocarpus neriifolius,LC,-7.76,8.54,820,372
Picea schrenkiana,LC,-7.76,8.54,821,373
Dacrydium xanthandrum,LC,-7.77,8.45,822,376
Podocarpus brassii,LC,-7.78,8.34,823,381
Podocarpus grayae,LC,-7.79,8.27,824,382
Podocarpus levis,LC,-7.8,8.16,825,393
Pinus roxburghii,LC,-7.81,8.08,826,396
Podocarpus roraimae,LC,-7.82,8.04,827,399
Callitris canescens,LC,-7.83,7.98,828,402
Podocarpus spinulosus,LC,-7.83,7.91,829,405
Pinus nigra,LC,-7.85,7.82,830,413
Pinus resinosa,LC,-7.85,7.82,831,414
Podocarpus tepuiensis,LC,-7.85,7.82,832,417
Juniperus drupacea,LC,-7.85,7.78,833,418
Abies alba,LC,-7.86,7.75,834,420
Gnetum schwackeanum,LC,-7.88,7.57,835,437
Gnetum nodiflorum,LC,-7.88,7.57,836,438
Gnetum cuspidatum,LC,-7.88,7.55,837,440
Actinostrobus arenarius,LC,-7.88,7.55,838,441
Actinostrobus pyramidalis,LC,-7.88,7.55,839,442
Podocarpus elatus,LC,-7.88,7.54,840,445
Gnetum paniculatum,LC,-7.88,7.53,841,447
Gnetum urens,LC,-7.89,7.52,842,448
Callitris muelleri,LC,-7.89,7.52,843,449
Pinus contorta,LC,-7.89,7.48,844,451
Picea glehnii,LC,-7.9,7.45,845,454
Abies cephalonica,LC,-7.91,7.36,846,463
Podocarpus aracensis,LC,-7.91,7.31,847,466
Cycas clivicola,LC,-7.92,7.28,848,472
Juniperus oxycedrus,LC,-7.92,7.24,849,478
Gnetum macrostachyum,LC,-7.93,7.23,850,479
Pinus cembroides,LC,-7.93,7.2,851,480
Pinus edulis,LC,-7.93,7.2,852,481
Gnetum latifolium,LC,-7.94,7.16,853,483
Podocarpus borneensis,LC,-7.94,7.16,854,484
Juniperus recurva,LC,-7.94,7.15,855,486
Gnetum tenuifolium,LC,-7.94,7.12,856,488
Gnetum edule,LC,-7.94,7.12,857,489
Gnetum klossii,LC,-7.94,7.11,858,490
Gnetum microcarpum,LC,-7.94,7.11,859,491
Pinus brutia,LC,-7.95,7.05,860,492
Pinus halepensis,LC,-7.95,7.05,861,493
Abies mariesii,LC,-7.95,7.02,862,495
Cycas thouarsii,LC,-7.96,6.99,863,498
Pinus mugo,LC,-7.96,6.96,864,501
Pinus uncinata,LC,-7.96,6.96,865,502
Cycas lane-poolei,LC,-7.97,6.88,866,508
Cycas arnhemica,LC,-7.98,6.87,867,511
Juniperus virginiana,LC,-7.99,6.8,868,524
Callitris endlicheri,LC,-7.99,6.79,869,525
Callitris rhomboidea,LC,-7.99,6.79,870,526
Pinus maximinoi,LC,-7.99,6.77,871,529
Abies procera,LC,-7.99,6.76,872,533
Gnetum parvifolium,LC,-8,6.74,873,536
Cycas pruinosa,LC,-8,6.73,874,540
Podocarpus sylvestris,LC,-8,6.7,875,544
Gnetum hainanense,LC,-8.01,6.61,876,551
Cycas calcicola,LC,-8.02,6.59,877,553
Pinus pinceana,LC,-8.02,6.57,878,555
Pinus clausa,LC,-8.02,6.56,879,557
Pinus virginiana,LC,-8.02,6.56,880,558
Macrozamia mountperriensis,LC,-8.02,6.55,881,562
Gnetum montanum,LC,-8.03,6.54,882,563
Gnetum leptostachyum,LC,-8.03,6.54,883,564
Pinus ayacahuite,LC,-8.04,6.45,884,570
Podocarpus lucienii,LC,-8.06,6.35,885,581
Callitris preissii,LC,-8.06,6.33,886,585
Callitris verrucosa,LC,-8.06,6.33,887,586
Pinus flexilis,LC,-8.06,6.33,888,587
Pinus strobiformis,LC,-8.06,6.33,889,588
Pinus echinata,LC,-8.06,6.32,890,589
Pinus kesiya,LC,-8.06,6.32,891,590
Picea spinulosa,LC,-8.06,6.31,892,592
Juniperus communis,LC,-8.06,6.3,893,593
Podocarpus bracteatus,LC,-8.07,6.25,894,599
Podocarpus pseudobracteatus,LC,-8.07,6.25,895,600
Pinus luchuensis,LC,-8.07,6.25,896,601
Pinus tabuliformis,LC,-8.07,6.25,897,602
Pinus remota,LC,-8.07,6.23,898,604
Abies densa,LC,-8.08,6.22,899,605
Cupressus sempervirens,LC,-8.08,6.18,900,610
Picea mariana,LC,-8.08,6.18,901,611
Picea rubens,LC,-8.08,6.18,902,612
Pinus rigida,LC,-8.09,6.12,903,619
Macrozamia johnsonii,LC,-8.1,6.07,904,622
Pinus parviflora,LC,-8.1,6.07,905,623
Juniperus phoenicea,LC,-8.11,6.03,906,627
Macrozamia miquelii,LC,-8.11,5.99,907,632
Macrozamia riedlei,LC,-8.11,5.99,908,633
Cycas media,LC,-8.12,5.98,909,634
Macrozamia douglasii,LC,-8.12,5.97,910,635
Macrozamia heteromera,LC,-8.13,5.88,911,651
Podocarpus rubens,LC,-8.14,5.86,912,653
Abies amabilis,LC,-8.14,5.85,913,656
Abies magnifica,LC,-8.14,5.85,914,657
Juniperus procera,LC,-8.14,5.82,915,660
Cycas maconochiei,LC,-8.14,5.82,916,661
Cycas xipholepis,LC,-8.14,5.82,917,662
Podocarpus novae-caledoniae,LC,-8.15,5.8,918,665
Macrozamia concinna,LC,-8.16,5.73,919,670
Pinus herrerae,LC,-8.16,5.73,920,671
Podocarpus macrophyllus,LC,-8.17,5.65,921,677
Pinus densata,LC,-8.18,5.63,922,682
Pinus yunnanensis,LC,-8.18,5.63,923,683
Picea smithiana,LC,-8.18,5.61,924,688
Podocarpus glaucus,LC,-8.18,5.6,925,693
Pinus lambertiana,LC,-8.18,5.58,926,694
Abies concolor,LC,-8.18,5.58,927,695
Pinus elliottii,LC,-8.19,5.56,928,701
Abies pindrow,LC,-8.19,5.55,929,703
Podocarpus pilgeri,LC,-8.19,5.54,930,706
Encephalartos turneri,LC,-8.19,5.54,931,707
Macrozamia montana,LC,-8.19,5.53,932,708
Macrozamia reducta,LC,-8.19,5.53,933,709
Pinus ponderosa,LC,-8.19,5.53,934,711
Ephedra boelckei,LC,-8.2,5.48,935,718
Podocarpus magnifolius,LC,-8.2,5.48,936,720
Podocarpus coriaceus,LC,-8.2,5.47,937,724
Ephedra chilensis,LC,-8.21,5.46,938,726
Pinus monophylla,LC,-8.21,5.45,939,729
Pinus quadrifolia,LC,-8.21,5.45,940,730
Macrozamia dyeri,LC,-8.21,5.45,941,732
Cupressus torulosa,LC,-8.21,5.43,942,735
Juniperus excelsa,LC,-8.21,5.43,943,738
Pinus taeda,LC,-8.21,5.43,944,739
Ephedra breana,LC,-8.21,5.42,945,740
Ephedra multiflora,LC,-8.21,5.42,946,741
Podocarpus ledermannii,LC,-8.23,5.34,947,748
Ephedra milleri,LC,-8.25,5.24,948,757
Encephalartos transvenosus,LC,-8.25,5.21,949,761
Juniperus formosana,LC,-8.28,5.08,950,772
Juniperus rigida,LC,-8.28,5.08,951,773
Abies grandis,LC,-8.28,5.06,952,778
Podocarpus brasiliensis,LC,-8.29,5.04,953,780
Podocarpus guatemalensis,LC,-8.29,5.04,954,781
Macrozamia macdonnellii,LC,-8.29,5.03,955,783
Juniperus foetidissima,LC,-8.29,5.01,956,786
Podocarpus ekmanii,LC,-8.29,5,957,788
Macrozamia fraseri,LC,-8.3,4.99,958,790
Encephalartos tegulaneus,LC,-8.31,4.94,959,798
Pinus oocarpa,LC,-8.31,4.94,960,800
Pinus glabra,LC,-8.31,4.92,961,802
Abies nordmanniana,LC,-8.32,4.86,962,811
Ephedra strobilacea,LC,-8.32,4.86,963,812
Ephedra kardangensis,LC,-8.32,4.85,964,814
Ephedra rupestris,LC,-8.33,4.84,965,815
Abies durangensis,LC,-8.33,4.83,966,816
Picea orientalis,LC,-8.33,4.81,967,821
Ephedra triandra,LC,-8.33,4.8,968,824
Pinus caribaea,LC,-8.34,4.8,969,825
Ephedra viridis,LC,-8.34,4.79,970,826
Juniperus pseudosabina,LC,-8.34,4.76,971,831
Ephedra minuta,LC,-8.35,4.75,972,833
Ephedra dawuensis,LC,-8.35,4.73,973,836
Encephalartos poggei,LC,-8.35,4.72,974,840
Pinus cembra,LC,-8.36,4.7,975,845
Cupressus macnabiana,LC,-8.36,4.69,976,847
Cupressus arizonica,LC,-8.36,4.67,977,851
Pinus leiophylla,LC,-8.37,4.64,978,856
Pinus patula,LC,-8.37,4.64,979,857
Ephedra fedtschenkoae,LC,-8.37,4.61,980,861
Cupressus lusitanica,LC,-8.38,4.58,981,864
Juniperus arizonica,LC,-8.38,4.57,982,865
Abies veitchii,LC,-8.39,4.56,983,871
Juniperus occidentalis,LC,-8.39,4.55,984,873
Pinus thunbergii,LC,-8.39,4.55,985,875
Pinus armandii,LC,-8.39,4.54,986,876
Pinus pumila,LC,-8.39,4.54,987,877
Abies religiosa,LC,-8.4,4.52,988,878
Ephedra dahurica,LC,-8.4,4.5,989,879
Ephedra alata,LC,-8.4,4.48,990,886
Juniperus chinensis,LC,-8.41,4.45,991,893
Pinus pungens,LC,-8.41,4.44,992,895
Pinus serotina,LC,-8.41,4.44,993,896
Ephedra likiangensis,LC,-8.43,4.38,994,903
Ephedra americana,LC,-8.43,4.37,995,905
Ephedra rhytidosperma,LC,-8.43,4.37,996,906
Macrozamia glaucophylla,LC,-8.43,4.36,997,907
Ephedra altissima,LC,-8.43,4.36,998,908
Macrozamia macleayi,LC,-8.43,4.35,999,910
Abies fargesii,LC,-8.43,4.35,1000,911
Cycas basaltica,LC,-8.44,4.34,1001,912
Cycas furfuracea,LC,-8.44,4.34,1002,913
Juniperus procumbens,LC,-8.44,4.3,1003,916
Juniperus thurifera,LC,-8.44,4.3,1004,917
Abies nephrolepis,LC,-8.44,4.3,1005,918
Ephedra californica,LC,-8.45,4.3,1006,919
Pinus sibirica,LC,-8.45,4.28,1007,923
Ephedra aphylla,LC,-8.45,4.27,1008,924
Pinus koraiensis,LC,-8.45,4.26,1009,925
Pinus wallichiana,LC,-8.45,4.26,1010,926
Ephedra laristanica,LC,-8.46,4.25,1011,928
Encephalartos villosus,LC,-8.46,4.22,1012,931
Ephedra sinica,LC,-8.46,4.22,1013,932
Ephedra pedunculata,LC,-8.46,4.22,1014,933
Pinus montezumae,LC,-8.46,4.22,1015,934
Abies forrestii,LC,-8.47,4.18,1016,935
Ephedra nevadensis,LC,-8.47,4.17,1017,936
Pinus bhutanica,LC,-8.48,4.14,1018,939
Ephedra fasciculata,LC,-8.51,4.03,1019,952
Pinus arizonica,LC,-8.51,4.03,1020,953
Abies chensiensis,LC,-8.51,4.03,1021,954
Ephedra foeminea,LC,-8.51,4.02,1022,955
Ephedra fragilis,LC,-8.51,4.02,1023,956
Ephedra intermedia,LC,-8.51,4.01,1024,957
Ephedra foliata,LC,-8.52,4,1025,959
Ephedra regeliana,LC,-8.52,4,1026,960
Pinus attenuata,LC,-8.52,3.98,1027,963
Ephedra cutleri,LC,-8.53,3.97,1028,964
Ephedra pachyclada,LC,-8.53,3.96,1029,965
Ephedra somalensis,LC,-8.53,3.96,1030,966
Ephedra major,LC,-8.53,3.95,1031,968
Ephedra transitoria,LC,-8.53,3.95,1032,969
Ephedra przewalskii,LC,-8.53,3.94,1033,972
Pinus douglasiana,LC,-8.54,3.93,1034,973
Ephedra coryi,LC,-8.54,3.93,1035,974
Encephalartos cycadifolius,LC,-8.54,3.92,1036,975
Abies sibirica,LC,-8.54,3.92,1037,976
Ephedra sarcocarpa,LC,-8.54,3.9,1038,977
Ephedra compacta,LC,-8.54,3.9,1039,979
Ephedra distachya,LC,-8.55,3.89,1040,981
Juniperus indica,LC,-8.55,3.88,1041,984
Juniperus squamata,LC,-8.55,3.88,1042,985
Ephedra rituensis,LC,-8.55,3.88,1043,986
Juniperus horizontalis,LC,-8.55,3.87,1044,987
Ephedra lomatolepis,LC,-8.55,3.86,1045,988
Ephedra monosperma,LC,-8.55,3.86,1046,989
Pinus engelmannii,LC,-8.57,3.79,1047,997
Macrozamia lucida,LC,-8.59,3.73,1048,1000
Ephedra aspera,LC,-8.59,3.73,1049,1001
Ephedra trifurca,LC,-8.59,3.73,1050,1002
Abies sachalinensis,LC,-8.59,3.7,1051,1005
Pinus sabiniana,LC,-8.6,3.69,1052,1007
Ephedra antisyphilitica,LC,-8.6,3.69,1053,1008
Ephedra torreyana,LC,-8.6,3.69,1054,1009
Pinus devoniana,LC,-8.6,3.67,1055,1010
Juniperus scopulorum,LC,-8.6,3.66,1056,1011
Podocarpus salicifolius,LC,-8.61,3.66,1057,1013
Abies delavayi,LC,-8.62,3.63,1058,1015
Abies firma,LC,-8.63,3.58,1059,1020
Abies balsamea,LC,-8.63,3.57,1060,1024
Abies lasiocarpa,LC,-8.63,3.57,1061,1025
Juniperus sabina,LC,-8.64,3.55,1062,1026
Juniperus semiglobosa,LC,-8.64,3.55,1063,1027
Juniperus convallium,LC,-8.64,3.52,1064,1028
Juniperus komarovii,LC,-8.64,3.52,1065,1029
Juniperus ashei,LC,-8.65,3.49,1066,1036
Podocarpus insularis,LC,-8.68,3.4,1067,1038
Juniperus monosperma,LC,-8.68,3.4,1068,1039
Juniperus deppeana,LC,-8.72,3.27,1069,1052
Macrozamia communis,LC,-8.72,3.26,1070,1053
Macrozamia polymorpha,LC,-8.72,3.26,1071,1054
Pinus lawsonii,LC,-8.73,3.25,1072,1055
Pinus teocote,LC,-8.73,3.25,1073,1056
Juniperus flaccida,LC,-8.73,3.25,1074,1057
Juniperus monticola,LC,-8.73,3.25,1075,1058
Pinus jeffreyi,LC,-8.73,3.23,1076,1060
Macrozamia diplomera,LC,-8.74,3.22,1077,1061
Macrozamia fearnsidei,LC,-8.74,3.22,1078,1062
Pinus hartwegii,LC,-8.74,3.21,1079,1063
Pinus pseudostrobus,LC,-8.74,3.21,1080,1064
Pinus luzmariae,LC,-8.74,3.19,1081,1069
Juniperus przewalskii,LC,-8.77,3.12,1082,1074
Juniperus saltuaria,LC,-8.77,3.12,1083,1075
Juniperus coahuilensis,LC,-8.77,3.1,1084,1076
Pinus cubensis,LC,-8.77,3.1,1085,1078
Pinus pringlei,LC,-8.78,3.09,1086,1079
Juniperus californica,LC,-8.8,3.02,1087,1080
Juniperus osteosperma,LC,-8.8,3.02,1088,1081
Juniperus durangensis,LC,-8.83,2.92,1089,1087
Juniperus pinchotii,LC,-8.92,2.68,1090,1090
